mbti_type,dessert_name,dessert_description,dessert_image_url,dessert_cta_link,dessert_series,dessert_quad,drink_a,drink_t
INTJ,北海道經典巴斯克,極致的濃度直達靈魂核心理智與感官的完美角力。,https://res.cloudinary.com/dvizdsv4m/image/upload/v1789282899/dessert/menu_item_d120a328-3222-4618-8aed-9a547f7b386a.webp,https://linktr.ee/moon_moon_dessert,巴斯克,經典,美式咖啡,冰滴咖啡
INTP,檸檬柚子千層,結構細膩且層次分明在深度思考中尋求一絲清亮。,https://res.cloudinary.com/dvizdsv4m/image/upload/v1789282898/dessert/menu_item_c0820442-bab4-4c47-a4a8-60ef88da22d9.webp,https://linktr.ee/moon_moon_dessert,千層,亮色,冷萃咖啡,柚子茶
ENTJ,奶酒提拉米蘇,微醺的權力展演苦甜之間盡是掌控局勢的餘韻。,https://res.cloudinary.com/dvizdsv4m/image/upload/v1789282893/dessert/menu_item_63cd7340-1b89-47a6-b49a-1ee0c1eb86fe.webp,https://linktr.ee/moon_moon_dessert,提拉米蘇,深色,濃縮咖啡,威士忌咖啡
ENTP,柚子蘋果提拉米蘇,打破常規的驚喜風味在每一次味覺挑戰中看見邊界。,https://res.cloudinary.com/dvizdsv4m/image/upload/v1789282902/dessert/menu_item_ed08801b-55f5-4d51-9db4-37cc03688bef.webp,https://linktr.ee/moon_moon_dessert,提拉米蘇,果香,蘋果茶,氣泡水
INFJ,蜜香紅茶千層,沉穩的茶韻撫平外界的嘈雜帶你潛入最深的內在宇宙。,https://res.cloudinary.com/dvizdsv4m/image/upload/v1789282900/dessert/menu_item_e58bac5a-eb09-4a7d-b5ad-47e8491e63c0.webp,https://linktr.ee/moon_moon_dessert,千層,深色,伯爵茶,焙茶拿鐵
INFP,焦糖烤布丁戚風,輕盈柔軟的著陸點在銳利的世界裡提供一場溫柔的安放。,https://res.cloudinary.com/dvizdsv4m/image/upload/v1789282895/dessert/menu_item_8e59b833-853a-4164-b747-6382c4bd7658.webp,https://linktr.ee/moon_moon_dessert,戚風,經典,鮮奶茶,蜂蜜檸檬
ENFJ,摩卡焦糖提拉米蘇,明亮如陽光的清新力量溫暖並照亮每一個被遺忘的角落。,https://res.cloudinary.com/dvizdsv4m/image/upload/v1789282893/dessert/menu_item_63cd7340-1b89-47a6-b49a-1ee0c1eb86fe.webp,https://linktr.ee/moon_moon_dessert,提拉米蘇,深色,檸檬茶,蘋果汁
ENFP,十勝水果派對千層,層次繽紛且富有生命力裝滿奇奇怪怪且閃亮的靈感碎片。,https://res.cloudinary.com/dvizdsv4m/image/upload/v1789282903/dessert/menu_item_f5c62e8d-59df-44c5-bcd6-d6473097b32b.webp,https://linktr.ee/moon_moon_dessert,千層,果香,莓果氣泡,草莓奶昔
ISTJ,經典十勝原味千層,結構的絕對精準與對承諾的執著最值得信賴的味覺基石。,https://res.cloudinary.com/dvizdsv4m/image/upload/v1789282901/dessert/menu_item_e9fa32e1-d48a-4cbc-8663-f9888c18c3e2.webp,https://linktr.ee/moon_moon_dessert,千層,經典,經典奶茶,熱可可
ISFJ,經典烤布丁,安全感的終極錨點最純粹最直接的溫柔安撫與回歸。,https://res.cloudinary.com/dvizdsv4m/image/upload/v1789282892/dessert/menu_item_5fc488d8-c1dd-45c6-aa4f-e164b6d793ab.webp,https://linktr.ee/moon_moon_dessert,布丁,經典,溫牛奶,焦糖拿鐵
ESTJ,鹹蛋黃巴斯克,鋼鐵意志與濃郁核心的結合穩健中帶有不容忽視的力量。,https://res.cloudinary.com/dvizdsv4m/image/upload/v1789282894/dessert/menu_item_7bb2e59f-934e-44a3-af13-d52c5c43853c.webp,https://linktr.ee/moon_moon_dessert,巴斯克,深色,黑咖啡,鹹奶茶
ESFJ,莓果戚風蛋糕,溫和友善的包覆感與摯愛分享這份純粹快樂的本質。,https://res.cloudinary.com/dvizdsv4m/image/upload/v1771923761/dessert/menu_item_e3a60ea8-aa3e-40f3-ad8e-3cc4dd12ec02.webp,https://linktr.ee/moon_moon_dessert,戚風,果香,花草茶,莓果汁
ISTP,經典提拉米蘇,冷靜大膽的口感平衡無需多言的硬派實力展現。,https://res.cloudinary.com/dvizdsv4m/image/upload/v1789282853/dessert/menu_item_fdf76c2c-121e-4069-bdf0-5662c214c622.webp,https://linktr.ee/moon_moon_dessert,提拉米蘇,經典,義式咖啡,能量飲料
ISFP,抹茶提拉米蘇,細膩美感的微苦回甘用最溫柔的方式對抗世界的喧囂。,https://res.cloudinary.com/dvizdsv4m/image/upload/v1789282897/dessert/menu_item_a9a834ed-39ca-4524-8f03-2183db366d1f.webp,https://linktr.ee/moon_moon_dessert,提拉米蘇,深色,抹茶拿鐵,玄米茶
ESTP,巧克力布朗尼千層,極致感官的爆發體驗追求速度與最直白的生命熱情。,https://res.cloudinary.com/dvizdsv4m/image/upload/v1789289016/dessert/menu_item_d323bd72-12ff-4bbb-9533-16fac4d08bba.webp,https://linktr.ee/moon_moon_dessert,千層,深色,可樂,冰美式
ESFP,檸檬巴斯克,點亮全場的色彩盛宴將每一刻都轉化為永恆的快樂慶典。,https://res.cloudinary.com/dvizdsv4m/image/upload/v1789282850/dessert/menu_item_0a76fe1d-0302-4bff-8997-236d4a004b0b.webp,https://linktr.ee/moon_moon_dessert,巴斯克,亮色,水果茶,綜合果汁
