Question_ID,Dimension,Context,Option_A,Option_B,Cultural_Note
"Q01","EI","ストレスと疲労でボロボロの1週間が終了。やっと迎えた週末、あなたの脳が求める「HP回復方法」は？","とにかく外に出て「陽の気」を浴びたい！フットワーク軽く友達と会ったり、話題のスポットに出かけることでエネルギーがチャージされる。","誰にも気を遣わない「究極のソロ活（おうち時間）」を発動。外部との連絡を絶ち、自分のためだけに時間を使うことが最高のデトックス。","陽の気 (陽光能量) vs ソロ活/デトックス (Solo活/排毒)。"
"Q02","EI","参加者の7割以上が「初対面」の飲み会やイベント。その場でのあなたの立ち回りは？","天性の「コミュ力おばけ」。自分から話題を振って場を盛り上げる、「場を回す」のが得意なタイプ。","基本は「人見知りモード」。知っている人の隣をキープして、無理に話さず「聞き上手」に徹する安心感。","コミュ力おばけ (溝通怪物) vs 聞き上手 (善於傾聽)。"
"Q03","EI","せっかくの休日。突然友達から「今からお茶しない？」と誘われたら、あなたの脳内はどうなる？","秒で「行く！」と即答。「フットワークの軽さ」には自信あり。予定がぎっしり詰まっている方が、休日を満喫している気がする。","脳内がパニック！外出には事前の「心の準備（マインドセット）」が必要不可欠。今日はすでに「完全オフモード」と決めていたら、丁重にお断りする。","フットワークの軽さ (行動力高) vs 完全オフモード (完全Off休機模式)。"
"Q04","EI","あなたのSNS（InstagramやXなど）の普段の使い方・スタンスは？","日常の「映え」や面白かったことをどんどんストーリーで共有！フォロワーとリプライやDMでワイワイ盛り上がるのが好きな「発信者」。","基本は「見る専（ロム専）」。自分からは発信せず、いいねを押すだけ。本音を呟くのは、本当に信頼している人だけを集めた「鍵垢」のみ。","発信者 (發信者) vs 見る専 / 鍵垢 (潛水看客/上鎖私密帳號)。"
"Q05","EI","複数人のLINEグループや会議など、人が集まる場でのあなたの発言スタイルは？","「沈黙が苦手」なタイプ。とりあえず声を出して考えながら、相槌やリアクションで場を温める「ムードメーカー」。","情報をじっくり処理する「思考派」。みんなの話をしっかり聞き、ここぞというタイミングで的確な意見を出す「一言の重み」があるタイプ。","ムードメーカー (氣氛製造者) vs 一言の重み (一句話的份量)。"
"Q06","EI","人間関係において、あなたが「本当に信頼できる友達」を作るプロセスは？","誰とでも打ち解けられる「オープンマインド」の持ち主。フットワーク軽く色々な人と関わり、みんなを繋ぐ「ハブ」のような存在。","非常に狭く深い「厳選された人間関係」を好む。大人数よりも「サシ飲み（1対1の飲み）」で本音を語り合い、「一生モノの絆」を育むタイプ。","ハブ (人際樞紐) vs 厳選された/サシ飲み (嚴選關係/單獨喝酒)。"
"Q07","EI","ずっと気になっていた新しいカフェや話題のイベントに行く時、あなたの理想的な楽しみ方は？","みんなで行った方が絶対に楽しい「ワイワイ共有派」！すぐにグループLINEで声をかけ、その場のノリや感動を大勢で分かち合うことで楽しさが倍増する。","自分のペースで堪能したい「おひとりさま（または親友とサシ）派」。大人数で気を遣うより、自分の世界に没頭してじっくり味わうのが最高の贅沢。","ワイワイ共有 (熱鬧共享) vs おひとりさま (一個人獨享)。"
"Q08","EI","悩み事がある時や、答えを出したい時、あなたが一番スッキリする解決方法は？","外との繋がりで解決する「外部接続型」。誰かと会話のキャッチボールをして、相手から「エネルギーを吸収（充電）」しながら自分の考えを整理していく。","デジタル時代の「ソロ・リサーチャー」。脳内だけで悩むのではなく、ネットで徹底的に検索したり、「AI相手に壁打ち」をして情報を処理。完璧な結論が出てから人に話す。","エネルギーを吸収 (吸收能量) vs AI相手に壁打ち (把AI當對話牆/理清思緒)。"
"Q09","SN","友達から面白い話や噂話を聞いた時、あなたの脳が自然とフォーカスするのは：","「それ何時？どこで？その後どうなったの？」と、時間や場所、具体的な事実関係を正確に把握しようとする。","「どうしてそんなことしたんだろう？」と、出来事の背後にある動機や隠された意味（伏線）を深読みしたくなる。","具體事實與時間線 vs 動機與伏線深讀。"
"Q10","SN","窓辺に立ち、静かな森の写真を見つめています。最初に頭に浮かぶことは：","「実際の気温はどのくらいだろう？葉の色が綺麗だな。雨上がりの土の匂いがしそう」と、具体的な五感の情報を思い浮かべる。","「これは物語の始まりみたい…もしこの森に迷い込んだら、私の人生はどう変わるだろう？」と、想像の世界に浸る。","五感與現實細節 vs 想像力與故事感。"
"Q11","SN","新しいツールやアプリ（動画編集アプリやAIツールなど）を学ぶ時の、あなたの一般的な手順は：","まずはチュートリアルや説明書をしっかり読み、手順通りに進めて確実な使い方をマスターする。","説明書は読まず、とりあえず開いて直感で色々とクリックし、触りながら全体感を掴んでいく。","教學步驟導向 vs 直覺摸索導向。"
"Q12","SN","「5年後の自分のイメージはありますか？」と聞かれたら、あなたは：","「まずは今日のToDoリストをこなすのが先。未来は毎日の小さな習慣や現実的な積み重ねの先にあるものだから。」","「頭の中にいくつものパラレルワールド（別次元）があって、違う街、違う仕事をしている色々な自分の可能性を想像している。」","著眼當下的累積 vs 腦内多重宇宙 (パラレルワールド)。"
"Q13","SN","創作料理がウリの新しいレストランへ友達と来ました。メニューは見たことのない料理ばかりです。あなたは：","保守的に、一番馴染みのある味に近いものや、食材が明確に分かる安全なメニューを選ぶ。","一番変わった名前や珍しい料理に惹かれる。もしハズレだったとしても、それはそれで界隈の面白いネタになると思う。","安全牌 vs 踩雷當作聊天素材(ネタ)。"
"Q14","SN","もし文章を書くように頼まれたら、どちらのほうが自信がありますか：","実際に起きた出来事を、情景が目に浮かぶような細かい感覚的ディテールで正確に記録した文章。","隠喩（メタファー）や象徴的な意味、ファンタジー要素をたくさん盛り込んだ架空の物語。","真實細節紀錄 vs 隱喻與奇幻故事。"
"Q15","SN","正解のない選択を迫られたとき、あなたが最終的に信じるのは：","目に見えるデータ、過去の成功例、そして実際に起きた客観的な事実。","「言葉ではうまく説明できないけれど、なんかこれだ」という強烈な直感（インスピレーション）。","客觀數據與過去經驗 vs 強烈直覺。"
"Q16","SN","あなたにとって「ぼーっとする／空想にふける」頻度はどのくらいですか？","かなり少ない。頭の中はほとんど、今日のToDoリストや現実的な問題の解決策で忙しい。","とても多い。頭の中でいつも違う未来のミニ映画を上演したり、様々なシミュレーションをしている。","現實待辦事項 vs 腦內小劇場。"
"Q17","TF","自分のミスで仕事に失敗した友達が泣きながら飲みに行こうと誘ってきました。最初の反応は？","まずは時系列や状況を聞き、問題点を一緒に分析して「次はどう対策するか」の具体的なアドバイスを考える。","解決策より先に「つらかったね…本当に大変だったね」と感情に寄り添い、全力で味方になって慰める。","分析對策 vs 情緒共感 (寄り添う)。"
"Q18","TF","チームや他人を巻き込む大きな決断をする時、心の中で優先するのは：","「これは合理的で、公平で、最も効率的な選択か？」という客観的な正当性。","「これで誰かを傷つけないか？ 場の空気が気まずくならないか？」という思いやりと調和。","合理公平效率 vs 不傷人和氣與和諧。"
"Q19","TF","もしリストラの決断にどうしても関わらなければならないとしたら、あなたは：","客観的なパフォーマンスデータ、実績、そして今後の会社への貢献度を冷徹に基準にする。","家庭の事情が厳しい人や、長年会社に尽くしてきた感情的な繋がりがある人をできるだけ守りたくなる。","客觀績效 vs 人情與忠誠度。"
"Q20","TF","人から陰で評価されるなら、どちらの言葉が嬉しいですか：","「あの人は判断力があって、仕事がプロフェッショナルで本当に優秀だよね。」","「あの人は一緒にいると安心するし、思いやりがあって心が温かくなるよね。」","專業與優秀 vs 溫暖與安心。"
"Q21","TF","議論でお互いの意見が対立している時、あなたが心の中でモヤモヤするのは：","自分の論理のほうが明らかに正しいのに、感情論に引っ張られて話が通じないことへの苛立ち。","たとえ自分が正しくても、論破して関係を壊したくないという葛藤。押し切って勝っても後味が悪い。","邏輯被情緒干擾 vs 即使對也不想破壞關係。"
"Q22","TF","あなたにとって「有益で受け入れやすい批判・アドバイス」とは：","問題を直接的に指摘し、具体的な改善策だけを端的に伝えてくれるもの（オブラートに包まなくていい）。","まずは私の努力や良い点を認めてから、優しく提案する形でアドバイスしてくれるもの。","直言不諱的效率 vs 顧及感受的溫柔三明治回饋。"
"Q23","TF","映画やドラマで、思わず涙腺が崩壊してしまうシーンは：","絶体絶命の極限状態において、キャラクターが論理的かつ力強い自己犠牲の決断をする展開。","家族や「選ばれた家族（血の繋がらない深い絆）」の再会、または誰かが密かに優しさを示す瞬間。","壯烈的邏輯犧牲 vs 深刻的情感與羈絆。"
"Q24","TF","全く理不尽な人やクレーマーに出会った時、あなたの内面で自動的に起きる反応は：","頭がフル回転し、冷静な論理で相手の矛盾点を一つずつ解体して無言にさせようとする。","まずは感情的に深く傷ついたり怒りで頭が真っ白になり、すぐには気の利いた反論ができない。","冷靜邏輯拆解 vs 情緒先受傷。"
"Q25","JP","海外旅行の前夜、あなたのスーツケースはどんな状態ですか？","数日前からチェックリストを使って完璧にパッキング済み。忘れ物がないという安心感を楽しむ「計画の鬼」。","床に半開きのまま。出発のギリギリまで思いついたものをポンポン放り込む「極限のパッキングアーティスト」。","計画の鬼 (計畫通) vs 極限のパッキングアーティスト。"
"Q26","JP","せっかくの週末の過ごし方として、あなたが好むのは：","事前にスケジュール（起床時間、行く場所、食べるお店）の枠組みを決めておき、見通しが立っている状態。","当日の朝の気分で決める。家でゴロゴロしたい時はし、出かけたくなったらふらっと出かける柔軟なスタイル。","提前排定框架 vs 當天看心情的柔軟彈性。"
"Q27","JP","仕事や日常で、突然「緊急の割り込みタスク」が降ってきた時、あなたの反応は：","ペースが乱されることにストレスを感じるが、なんとか自分のスケジュール帳に無理やりねじ込んで処理する。","むしろアドレナリンが出る！単調なルーティンワークよりも、こういう突発的な火消し作業のほうが生き生きする。","節奏被打亂的壓力 vs 臨時救火的腎上腺素。"
"Q28","JP","あなたのPCのデスクトップやクラウドフォルダの整理状況は：","デジタル整理の達人。プロジェクトや日付ごとに綺麗にフォルダ分けされており、長期間整然としている。","混沌の魔術師。ファイルやスクショが散乱しているが、自分だけは「どこに何があるか」を大体把握している。","數位整理達人 vs 混沌的魔術師 (亂中有序)。"
"Q29","JP","まだ決定していない選択肢（買うかどうか、行くかどうか等）がある時、あなたの気持ちは：","宙ぶらりんの状態が嫌で焦る。後で微調整してもいいから、とにかく早く決断してスッキリしたい。","ギリギリまで選択肢を残しておきたい。最後の一瞬まで可能性を広げておき、柔軟に対応できる余白が欲しい。","懸著會焦慮/想快點決定 vs 保留選項的餘白。"
"Q30","JP","職場や生活における「ルールやマニュアル」について、あなたの考えに近いのは：","ルールがあるからこそ全体の調和と効率が保たれる。みんながそれに従うことで物事がスムーズに進む。","ルールはあくまで参考。特別な状況が起きた時は、マニュアルよりも人間の柔軟な対応力やクリエイティビティが重要。","規則帶來效率 vs 規則只是參考/彈性與創意至上。"
"Q31","JP","忙しい一週間や重いプロジェクトを終えた時、あなたが一番「最高！」と感じる瞬間は：","ToDoリストの最後のチェックボックスを埋め、ファイルをアーカイブした時の「完全リセット」の爽快感。","頑張った自分への「ご褒美（Treat yo' self）」の瞬間！または、過程で突然素晴らしいアイデアを閃いた時の達成感。","完全Reset的爽快感 vs ご褒美 (Treat yo' self / 犒賞自己)。"
"Q32","JP","「人生というゲーム」に対するあなたのスタンスを表現するなら、どちらがしっくりくる？","人生は「ロードマップ」。目標からの逆算で着実にステップアップしていく「ブレない生き方」が理想。","人生は「オープンワールドRPG」。あえて寄り道を楽しんだり、風の吹くままに生きる「余白のある生き方」が好き。","Roadmap/不搖擺的生存方式 vs Open World RPG/留白的生存方式。"
"Q33","AT","予定が突然大きく狂った時、あなたの最初の内面的反応は：","究極のポジティブ変換（Lucky Vicky思考）！深呼吸して「よし、次はどうする？むしろこれで良かったかも！」と切り替える。","一瞬にして不安の渦に飲み込まれる。「自分のどこがダメだったんだろう」と脳内でミスを激しくリプレイする。","究極的Positive轉換 (Lucky Vicky思考) vs 腦內激烈Replay檢討。"
"Q34","AT","自分の能力やパフォーマンスについて、心の中でよく浮かぶ声は：","「基本的には自分を信じている。全く新しいことでも、時間をかければ必ずできるようになる」という健全な自己肯定感。","「自分はまだ全然足りない。」具体的な結果を出したり、他人から強く認められたりしないと、なかなか安心できない。","健全的自我肯定感 vs 需要具體結果與他人認可。"
"Q35","AT","グループチャットで空気を読めない発言をしてしまったり、すべってしまった後、あなたは：","鉄壁のメンタル防御力。その場で笑い顔のスタンプでごまかし、その後は一切気にせずケロッとしている。","家に帰ってから脳内がその場面を自動再生し、「うわぁぁ」と悶絶する。しばらく気まずさを引きずる。","鐵壁防禦力/毫不在乎 vs 悶絕/揮之不去的尷尬。"
"Q36","AT","大きなプロジェクトの締め切りが迫り、巨大なプレッシャーに追われている時のあなたは：","むしろ究極の「ハイパーフォーカス状態」に突入する。適度なプレッシャーがある方が、自分は速くて優秀だと知っている。","パニックになり、睡眠に影響が出ることも。ミスをしたり、間に合わなかったりする恐怖で精神的な重圧を抱える。","壓力引發 Hyper Focus vs 壓力引發睡眠影響與重壓。"
"Q37","AT","周りの「他人の感情」に対する、あなたの心の境界線の強さは？","境界線がしっかりしている。「それは相手の感情であって、自分の感情ではない」と切り離し、ネガティブな空気に引きずられない。","天性の高感度アンテナ。その場の空気にすぐ影響され、隣の人が落ち込んでいると自分の心まで一緒に沈んでしまう。","境界線明確 vs 天生的高感度天線 (容易被氣氛影響)。"
"Q38","AT","将来起こるかもしれない様々なリスクや不確実なことに対して、あなたの普段のスタンスは：","「本当に起きた時に考えればいいさ。なるようになる！」という、持ち前のポジティブで楽観的なマインド。","優秀な危機管理マネージャー。最悪のシナリオを脳内で何度もシミュレーションし、万全のバックアッププランを用意する。","樂観應對 vs 優秀危機管理經理 (預想最糟劇本)。"
"Q39","AT","今の自分の人生のステータスや達成度について、心の中でどう感じていますか：","まだまだやりたい目標はあるけれど、基本的には今の自分と現在の生活のあり方に満足し、感謝している。","いつも何かが足りない気がする。「もっと頑張らなきゃ、まだまだ上に行けるはず」と、自分を追い込む強い原動力がある。","滿足與感謝現在 vs 永遠覺得不夠的強大原動力。"
"Q40","AT","誰かがあなたの渾身の作品を見て、「ここの部分は少し調整した方がいいかも」と言った時、あなたは：","感情の「テフロン加工（焦げ付き防止）」。その言葉を自動的に客観的なアドバイスに変換し、感情的にならずにサクッと修正する。","一瞬、自分が全否定されたようなチクリとした痛みを感じる。痛みを消化し、「作品を良くするためだ」と昇華するまでに少し時間がいる。","鐵氟龍加工 (不沾鍋) 客觀修正 vs 一瞬間覺得被全否定，需要時間消化。"
